,time,ETHBalance,FILBalance
0,2022-08-16 14:59:44.009,0.5341632757003943,-114.99999632000001
1,2022-08-16 15:00:21.342,1.0677143469549957,-229.99999632
2,2022-08-16 15:01:08.523,1.1074996663217456,-238.53602634
3,2022-08-16 15:01:08.524,1.603714304365671,-344.99999632000004
4,2022-08-16 15:01:16.920,1.0681429020323088,-229.99999632000004
5,2022-08-16 15:01:51.698,1.504027650192636,-323.09471950000005
6,2022-08-16 15:01:59.549,1.396668481110356,-300.09471950000005
7,2022-08-16 15:02:22.206,1.9338928815990681,-415.09471950000005
8,2022-08-16 15:02:28.560,1.9699451152900453,-422.78588316
9,2022-08-16 15:02:28.572,2.0143637470547606,-432.26188316
10,2022-08-16 15:02:28.583,2.03081384664223,-435.77124708
11,2022-08-16 15:02:28.586,2.1853147422605868,-468.73152588000005
12,2022-08-16 15:02:28.593,2.245797393765454,-481.63452588000007
13,2022-08-16 15:02:28.595,2.2702276412360476,-486.84632588000005
14,2022-08-16 15:02:28.595,2.410326054254007,-516.73406688
15,2022-08-16 15:02:28.602,2.4729539467048363,-530.0947195
16,2022-08-16 15:02:29.733,2.7134840719841025,-581.3613699
17,2022-08-16 15:02:29.735,2.88311885681485,-617.5173699
18,2022-08-16 15:02:29.735,3.012504789041819,-645.0947195
19,2022-08-16 15:02:31.515,2.473260057474346,-530.0947195
20,2022-08-16 15:02:31.984,1.938141924967346,-416.23979769
21,2022-08-16 15:02:31.986,1.9298216893843458,-414.46953479999996
22,2022-08-16 15:02:32.005,1.9215035953563457,-412.69972756
23,2022-08-16 15:02:32.050,1.8091127350563458,-388.78677856
24,2022-08-16 15:02:32.052,1.8007967788233459,-387.01742617
25,2022-08-16 15:02:32.068,1.7924824882233459,-385.24842817
26,2022-08-16 15:02:32.088,1.784169861047346,-383.47978409
27,2022-08-16 15:02:32.108,1.7758588973893459,-381.71149395000003
28,2022-08-16 15:02:32.131,1.7675495972023458,-379.94355774
29,2022-08-16 15:02:32.155,1.762577716302346,-378.88571074000004
30,2022-08-16 15:02:32.171,1.756475062355346,-377.58727373000005
31,2022-08-16 15:02:32.197,1.751058547684346,-376.43482380000006
32,2022-08-16 15:02:32.230,1.742734597362346,-374.6637705400001
33,2022-08-16 15:02:32.252,1.298260057474346,-280.0947195000001
34,2022-08-16 15:02:32.253,0.941761546668346,-204.2439725200001
35,2022-08-16 15:02:57.151,0.4031290366398914,-89.24397252000011
36,2022-08-16 15:03:10.843,0.3622642196261058,-80.4983103800001
37,2022-08-16 15:03:11.130,-0.1342178060072372,25.756027019999905
38,2022-08-16 15:03:11.211,-0.1342178081566246,25.756027479999904
39,2022-08-16 15:04:59.155,0.3977414870965286,-89.2439725200001
40,2022-08-16 15:04:59.846,0.9297007823496819,-204.2439725200001
41,2022-08-16 15:05:09.705,1.461660077602835,-319.2439725200001
42,2022-08-16 15:05:11.787,1.9936193728559881,-434.2439725200001
43,2022-08-16 15:06:12.147,2.5268643333410803,-549.2439725200002
44,2022-08-16 15:06:17.836,2.775157808732809,-602.7297185800002
45,2022-08-16 15:06:17.913,3.060721515365191,-664.2439725200002
46,2022-08-16 15:06:38.618,3.5933542543112647,-779.2439725200002
47,2022-08-16 15:06:55.999,4.125925771103436,-894.2439725200002
48,2022-08-16 15:06:57.169,4.6586197322034115,-1009.2439725200002
49,2022-08-16 15:06:57.473,5.19143613761119,-1124.2439725200002
50,2022-08-16 15:07:05.388,5.274034973590971,-1142.05729818
51,2022-08-16 15:07:05.389,5.724681098096283,-1239.2439725200002
52,2022-08-16 15:07:38.905,6.257926058581375,-1354.2439725200002
53,2022-08-16 15:08:03.952,6.791171019066467,-1469.2439725200002
54,2022-08-16 15:08:29.171,7.325028201090578,-1584.2439725200002
55,2022-08-16 15:08:35.078,7.859558826807609,-1699.2439725200002
56,2022-08-16 15:08:36.129,8.246324922219461,-1782.43455622
57,2022-08-16 15:08:36.130,8.394211896832443,-1814.2439725200002
58,2022-08-16 15:09:20.328,8.396413226199774,-1814.7170291600003
59,2022-08-16 15:11:50.918,8.424110501833017,-1820.6827098200004
60,2022-08-16 15:11:50.938,8.930331630377786,-1929.7170291600003
61,2022-08-16 15:11:59.625,9.055186019611758,-1956.5784550000003
62,2022-08-16 15:11:59.636,9.464862256094817,-2044.7170291600003
63,2022-08-16 15:12:48.019,9.474274654860748,-2046.7424956400002
64,2022-08-16 15:12:48.944,9.999270437504043,-2159.71702916
65,2022-08-16 15:12:53.442,10.078617468714947,-2176.77228264
66,2022-08-16 15:12:53.456,10.534290836172126,-2274.7170282399998
67,2022-08-16 15:14:44.488,10.657801156853768,-2301.2923322399997
68,2022-08-16 15:14:45.136,10.706778879022629,-2311.8307054599995
69,2022-08-16 15:14:45.144,11.068760239735255,-2389.7170282399993
70,2022-08-16 15:15:14.609,11.603841864837403,-2504.7170282399993
71,2022-08-16 15:15:32.222,12.138984712093452,-2619.7170282399993
72,2022-08-16 15:17:09.768,12.186910478659447,-2630.0160786399993
73,2022-08-16 15:17:09.950,12.6741275593495,-2734.7170282399993
74,2022-08-16 15:20:07.572,12.81350996684948,-2764.6047692399993
75,2022-08-16 15:20:07.572,13.74673969570987,-2964.7170282399993
76,2022-08-16 15:20:14.237,14.21916958657249,-3065.9045617799993
77,2022-08-16 15:20:14.238,14.820576275148275,-3194.7170282399993
78,2022-08-16 15:20:14.729,14.863517791490533,-3203.9102763599994
79,2022-08-16 15:20:52.887,14.948400140037423,-3222.1095033799993
80,2022-08-16 15:21:28.725,15.019598714164408,-3237.374856379999
81,2022-08-16 15:21:28.726,16.021134720705597,-3452.1095033799993
82,2022-08-16 15:22:56.062,14.95306789120393,-3222.874805839999
83,2022-08-16 15:22:56.062,14.949502138807658,-3222.1095033799993
84,2022-08-16 15:23:48.056,13.881665330451632,-2992.1095033799993
85,2022-08-16 15:24:46.614,13.97134495229478,-3011.4254820599995
86,2022-08-16 15:29:31.468,14.068821893377667,-3032.6423040199993
87,2022-08-16 15:29:31.487,14.148085341635097,-3049.8947788199994
88,2022-08-16 15:29:31.488,14.220375963804225,-3065.6295489399995
89,2022-08-16 15:29:31.498,15.024613183103577,-3240.6797475399994
90,2022-08-16 15:29:31.499,15.028039328640668,-3241.4254820599995
91,2022-08-16 15:29:33.292,15.032821661243062,-3242.4651993599996
92,2022-08-16 15:29:33.552,16.085958148064595,-3471.4254820599995
93,2022-08-16 15:29:46.672,16.20591192462034,-3497.4983556599996
94,2022-08-16 15:29:46.784,17.144121856104128,-3701.4254820599995
95,2022-08-16 15:29:50.401,16.088464548549346,-3471.7044481399994
96,2022-08-16 15:29:50.406,16.087182591142632,-3471.4254820599995
97,2022-08-16 15:29:51.441,15.093132681591923,-3255.1108017599995
98,2022-08-16 15:29:51.450,15.03405358166193,-3242.2546297599997
99,2022-08-16 15:29:51.451,15.030243326181136,-3241.42548206
100,2022-08-16 15:31:04.263,15.080345146848213,-3252.266573
101,2022-08-16 15:31:04.271,15.336780977157257,-3307.7544598599998
102,2022-08-16 15:31:04.274,15.817288301894052,-3411.7272004799997
103,2022-08-16 15:31:04.274,16.093182362225015,-3471.42548206
104,2022-08-16 15:31:04.707,16.15462023850835,-3484.71948206
105,2022-08-16 15:33:06.072,16.27674618059477,-3511.1148313
106,2022-08-16 15:33:06.148,16.308168644438414,-3517.90623772
107,2022-08-16 15:33:06.151,16.427780619491717,-3543.7582377199997
108,2022-08-16 15:33:06.152,16.516381338367996,-3562.9077065199995
109,2022-08-16 15:34:05.687,16.600012907073957,-3580.9811023799994
110,2022-08-16 15:34:38.568,16.706109530208074,-3603.898814819999
111,2022-08-16 15:35:04.573,16.889452731622765,-3643.5206263999994
112,2022-08-16 15:35:04.574,17.16549871505458,-3703.1761896199996
113,2022-08-16 15:35:04.574,17.770395453637793,-3833.8988148199996
114,2022-08-16 15:35:39.339,16.70733397328611,-3603.8988148199996
115,2022-08-16 15:39:30.872,17.52439703514634,-3780.2692285999997
116,2022-08-16 15:39:30.872,17.772844339793867,-3833.8988148199996
117,2022-08-16 15:39:31.236,17.855706491508464,-3851.7833006399997
118,2022-08-16 15:39:31.237,17.870029853932543,-3854.8747720399997
119,2022-08-16 15:39:31.239,17.978553117211515,-3878.29780322
120,2022-08-16 15:39:31.241,18.838477150609425,-4063.89881482
121,2022-08-16 15:40:35.158,17.77296678410167,-3833.89881482
122,2022-08-16 15:41:52.160,17.418749440208313,-3757.34984682
123,2022-08-16 15:41:52.167,16.70868086067195,-3603.89881482
124,2022-08-16 15:48:11.416,15.644517381550036,-3373.89881482
125,2022-08-16 15:53:15.894,15.75805034302498,-3398.49354236
126,2022-08-16 15:53:15.934,15.834347655075087,-3415.02188424
127,2022-08-16 15:58:10.097,14.777530834421395,-3185.02188424
128,2022-08-16 15:58:20.994,14.790933807089079,-3187.95378256
129,2022-08-16 15:58:36.360,15.844811964355483,-3417.95378256
130,2022-08-16 15:59:02.106,16.577274781347366,-3577.9935426800002
131,2022-08-16 15:59:02.113,16.89746567854385,-3647.95378256
132,2022-08-16 16:00:12.929,16.998815803069327,-3670.01875482
133,2022-08-16 16:00:12.931,17.332567662381585,-3742.6799928
134,2022-08-16 16:00:12.932,17.952351549193725,-3877.61336692
135,2022-08-16 16:00:12.936,17.953915166274133,-3877.95378256
136,2022-08-16 16:01:08.694,18.68116750924873,-4036.10085796
137,2022-08-16 16:01:08.694,18.709513170594395,-4042.2648579600004
138,2022-08-16 16:01:08.702,19.011589097082453,-4107.95378256
139,2022-08-16 16:01:09.639,19.138965875311225,-4135.64971694
140,2022-08-16 16:01:09.868,19.46379253700085,-4206.27780184
141,2022-08-16 16:01:09.889,19.60464590126651,-4236.9039928
142,2022-08-16 16:01:09.897,19.928532107932913,-4307.3275916
143,2022-08-16 16:01:09.898,20.069385472198576,-4337.95378256
144,2022-08-16 16:02:00.764,21.127304272579963,-4567.95377842
145,2022-08-16 16:02:00.788,21.1273042916225,-4567.95378256
146,2022-08-16 16:02:13.444,22.186447554124463,-4797.95378256
147,2022-08-16 16:06:02.522,23.082553162790646,-4993.9082943
148,2022-08-16 16:11:03.626,23.14522920002862,-5007.6442623
149,2022-08-16 16:19:02.076,23.99615085350613,-5194.34855952
150,2022-08-16 16:19:02.081,24.193474919136055,-5237.6442623
151,2022-08-16 16:19:02.808,24.215025116975475,-5242.37157742
152,2022-08-16 16:19:03.039,24.739270420836995,-5357.37157742
153,2022-08-16 16:19:03.041,25.241965510083244,-5467.64425862
154,2022-08-16 16:19:23.436,26.290333658821325,-5697.6442554000005
155,2022-08-16 16:19:23.436,26.29033367349848,-5697.64425862
156,2022-08-16 16:22:34.603,26.359554597773087,-5712.7933825
157,2022-08-16 16:22:34.605,26.383726206132305,-5718.0833825
158,2022-08-16 16:22:34.633,26.397388419552733,-5721.0733825
159,2022-08-16 16:22:34.634,26.520110592600528,-5747.9313509799995
160,2022-08-16 16:22:34.661,26.544282200959746,-5753.221350979999
161,2022-08-16 16:22:34.672,26.578963204257757,-5760.81135098
162,2022-08-16 16:22:34.677,26.599269997341388,-5765.2555292
163,2022-08-16 16:22:34.680,26.6339510006394,-5772.8455292
164,2022-08-16 16:22:34.702,26.66863200393741,-5780.4355292
165,2022-08-16 16:28:52.089,25.618916953136335,-5550.4355292
166,2022-08-16 16:31:31.935,25.909539049508524,-5613.9720747
167,2022-08-16 16:31:31.936,26.670958445785683,-5780.4355292
168,2022-08-16 16:31:59.253,25.976426764966433,-5628.61290824
169,2022-08-16 16:31:59.264,25.643913437167903,-5555.92645444
170,2022-08-16 16:31:59.265,25.61879450882853,-5550.4355292
171,2022-08-16 16:37:52.140,25.30770425736048,-5482.03409132
172,2022-08-16 16:37:52.141,25.00930020741992,-5416.42205112
173,2022-08-16 16:37:52.146,24.932852365387642,-5399.61296664
174,2022-08-16 16:37:52.152,24.884316029506934,-5388.940966640001
175,2022-08-16 16:37:52.152,24.57275278726156,-5320.435529200001
176,2022-08-16 16:38:01.812,23.893118606570965,-5170.6316987400005
177,2022-08-16 16:41:39.059,24.314803342443557,-5263.480686700001
178,2022-08-16 16:41:39.061,24.937690996444285,-5400.6316987400005
179,2022-08-16 16:41:40.422,24.946190676948714,-5402.502768980001
180,2022-08-16 16:44:01.109,25.99088551112984,-5632.502768980001
181,2022-08-16 16:44:02.816,27.037172121312413,-5862.502768980001
182,2022-08-16 16:45:08.105,25.993579285901518,-5632.502768980001
183,2022-08-16 16:45:27.055,26.251858124167388,-5689.365434380001
184,2022-08-16 16:45:27.056,27.038274120082644,-5862.502768980001
185,2022-08-16 16:46:05.442,26.434239130956232,-5729.534018980001
186,2022-08-16 16:46:05.449,26.07610352032678,-5650.696128240001
187,2022-08-16 16:46:05.452,25.993456841593716,-5632.502768980001
188,2022-08-16 16:46:59.710,25.714288202509174,-5570.976103780001
189,2022-08-16 16:46:59.711,24.94986400618282,-5402.502768980001
190,2022-08-16 16:47:04.632,25.001236626016308,-5413.812964240001
191,2022-08-16 16:47:04.633,25.480583879295168,-5519.346048780001
192,2022-08-16 16:47:05.458,25.517278893994042,-5527.424822700001
193,2022-08-16 16:48:02.918,25.257502294598748,-5470.165298740001
194,2022-08-16 16:48:02.918,25.14602772663497,-5445.594260740001
195,2022-08-16 16:52:17.333,25.449971677133952,-5512.276091660001
196,2022-08-16 16:52:17.334,25.82599735068742,-5594.771829260001
197,2022-08-16 16:52:17.334,26.08772365782374,-5652.191591460001
198,2022-08-16 16:52:17.334,26.19439589005021,-5675.594260740001
199,2022-08-16 16:52:34.289,25.14590528232717,-5445.594260740001
200,2022-08-16 16:52:59.369,25.405706905578473,-5502.525276620001
201,2022-08-16 16:54:07.899,26.174541297650855,-5671.198760180001
202,2022-08-16 16:54:07.901,26.454075068993713,-5732.525276620001
203,2022-08-16 16:58:48.895,25.40558446127067,-5502.525276620001
204,2022-08-16 16:59:59.200,24.357216297855434,-5272.525276620001
205,2022-08-16 17:00:41.489,24.355645582274928,-5272.180276620001
206,2022-08-16 17:01:41.100,23.30727741885969,-5042.180276620001
207,2022-08-16 17:02:45.504,23.796782401706594,-5149.5846227600005
208,2022-08-16 17:02:45.537,23.985487260621685,-5190.98914916
209,2022-08-16 17:02:45.538,24.09031183253243,-5213.98914916
210,2022-08-16 17:02:45.564,24.091606038627067,-5214.27311636
211,2022-08-16 17:02:45.568,24.355523137967122,-5272.18027662
212,2022-08-16 17:03:15.045,24.296455392152815,-5259.20633496
213,2022-08-16 17:08:26.756,23.248087228737578,-5029.20633496
214,2022-08-16 17:18:21.149,22.94911241221566,-4963.3763279
215,2022-08-16 17:18:21.155,22.573543591916458,-4880.68140938
216,2022-08-16 17:24:12.966,22.322659990436456,-4824.92949794
217,2022-08-16 17:24:12.967,22.094284990436456,-4774.17949794
218,2022-08-16 17:24:12.968,22.09284384603469,-4773.85761294
219,2022-08-16 17:24:12.969,22.091402701632923,-4773.53572794
220,2022-08-16 17:24:12.975,21.867382385202923,-4723.7534354
221,2022-08-16 17:24:12.979,21.839575502172924,-4717.57412806
222,2022-08-16 17:24:12.979,20.81270116234738,-4488.217898059999
223,2022-08-16 17:24:12.980,20.52310386291238,-4423.862942629999
224,2022-08-16 17:24:12.980,20.418786963287378,-4400.681409379999
225,2022-08-16 17:24:57.774,20.42409173488296,-4401.865545979999
226,2022-08-16 17:24:57.868,20.56918016117857,-4434.252334499999
227,2022-08-16 17:24:57.874,21.449155813455473,-4630.681409379999
228,2022-08-16 17:25:12.196,22.19978019070431,-4797.8392734399995
229,2022-08-16 17:25:12.197,22.281396943283866,-4816.01465176
230,2022-08-16 17:25:12.213,22.481973549779642,-4860.681409379999
231,2022-08-16 17:25:13.090,22.74388484279492,-4918.986159599999
232,2022-08-16 17:25:13.099,23.245413599033814,-5030.632772939999
233,2022-08-16 17:25:13.110,23.515158619027222,-5090.681409379999
234,2022-08-16 17:25:13.515,24.548466132582604,-5320.681409379999
235,2022-08-16 17:25:13.702,24.557007582582603,-5322.57950938
236,2022-08-16 17:25:14.305,24.603302904577955,-5332.8842095
237,2022-08-16 17:25:22.923,24.655796339142864,-5344.56022252
238,2022-08-16 17:25:23.064,25.637345083980158,-5562.8842095
239,2022-08-16 17:25:47.099,26.33742892011262,-5718.3999354
240,2022-08-16 17:25:47.100,26.58851810764643,-5774.176565639999
241,2022-08-16 17:25:47.100,26.672734150768207,-5792.884209499999
242,2022-08-16 17:25:47.395,27.311661291102777,-5934.730792059999
243,2022-08-16 17:25:47.399,27.70873543909527,-6022.884209499999
244,2022-08-16 17:26:06.992,27.733235550613713,-6028.320204299999
245,2022-08-16 17:26:07.442,28.174573866466684,-6126.2427296
246,2022-08-16 17:26:07.443,28.745348948961354,-6252.8842095
247,2022-08-16 17:26:28.764,29.779513572671362,-6482.8842095
248,2022-08-16 17:26:29.846,30.417772573277173,-6624.75013046
249,2022-08-16 17:26:29.891,30.423160122365534,-6625.94762178
250,2022-08-16 17:26:29.898,30.546496151380108,-6653.361538900001
251,2022-08-16 17:26:29.900,30.669832180394682,-6680.775456020001
252,2022-08-16 17:26:29.901,30.81429041792039,-6712.884209500001
253,2022-08-16 17:26:39.043,31.301598947737666,-6821.121501560001
254,2022-08-16 17:26:39.044,31.84980192901624,-6942.884209500001
255,2022-08-16 17:26:39.482,31.90402537173578,-6954.923640460001
256,2022-08-16 17:26:54.443,32.099376880467496,-6998.3085128600005
257,2022-08-16 17:26:54.444,32.218627127093754,-7024.792345860001
258,2022-08-16 17:26:54.444,32.63288070925522,-7116.792345860001
259,2022-08-16 17:26:54.445,32.93965932713943,-7184.923640460001
260,2022-08-16 17:27:07.466,33.43579484732001,-7294.978369060001
261,2022-08-16 17:27:07.467,33.4930475427587,-7307.6783867
262,2022-08-16 17:27:07.468,33.97651772562112,-7414.923640460001
263,2022-08-16 17:27:16.083,33.99840035668484,-7419.777158420001
264,2022-08-16 17:31:09.466,34.6039524812315,-7554.246024540001
265,2022-08-16 17:31:09.466,35.03415675639629,-7649.777158420001
266,2022-08-16 17:36:06.188,35.0342199242882,-7649.791183820001
267,2022-08-16 17:36:06.197,36.07003560041555,-7879.777158420001
268,2022-08-16 17:37:58.016,36.15835589367726,-7899.338681880001
269,2022-08-16 17:37:58.038,37.10848577489869,-8109.777158420001
270,2022-08-16 17:38:12.301,38.148160392459864,-8339.777158420002
271,2022-08-16 17:40:07.547,38.3891564367244,-8393.084762580002
272,2022-08-16 17:40:07.550,39.187957454328846,-8569.777158420002
273,2022-08-16 17:40:39.750,38.15048683430814,-8339.777158420002
274,2022-08-16 17:55:16.459,38.10878552281797,-8330.488417520002
275,2022-08-16 17:55:16.470,37.97206290312764,-8300.034195720002
276,2022-08-16 17:55:16.471,37.494051212224434,-8193.559684840002
277,2022-08-16 17:55:16.473,37.117913986599575,-8109.777158420002
278,2022-08-16 17:56:49.041,37.29814376938233,-8149.879566040002
279,2022-08-16 17:56:49.044,37.97167514392897,-8299.745083880001
280,2022-08-16 17:56:49.045,38.15158883307837,-8339.777158420002
281,2022-08-16 18:02:38.925,38.25507876203405,-8362.777158420002
282,2022-08-16 18:02:39.025,38.358568690989735,-8385.777158420002
283,2022-08-16 18:02:39.026,38.550967211172974,-8428.536545820001
284,2022-08-16 18:02:39.026,38.86143699804003,-8497.536545820001
285,2022-08-16 18:02:39.026,39.186488122635204,-8569.777158420002
286,2022-08-16 18:05:32.939,39.2286126686352,-8579.184158420001
287,2022-08-16 18:05:52.188,40.25996107326572,-8809.184158420001
288,2022-08-16 18:06:20.017,40.09307983594419,-8771.92832878
289,2022-08-16 18:06:20.207,39.72629385949161,-8690.04425318
290,2022-08-16 18:06:20.227,39.22971466740543,-8579.18415842
291,2022-08-16 18:09:21.869,40.263511958192026,-8809.18415842
292,2022-08-16 18:09:29.295,40.43666320477921,-8847.59324762
293,2022-08-16 18:09:29.390,40.82331652938544,-8933.36220584
294,2022-08-16 18:09:29.400,41.30037035667372,-9039.18415842
295,2022-08-16 18:10:31.490,41.018565695844984,-8976.63621042
296,2022-08-16 18:10:31.493,40.893580790630935,-8948.89518822
297,2022-08-16 18:15:18.935,41.93129629926725,-9178.89518822
298,2022-08-16 18:17:06.273,41.93123875653909,-9178.88244944
299,2022-08-16 18:18:18.135,41.920040500711934,-9176.403385239999
300,2022-08-16 18:18:18.135,41.5044645200262,-9084.403385239999
301,2022-08-16 18:18:18.136,41.400570524854764,-9061.403385239999
302,2022-08-16 18:18:18.136,40.89229880482474,-8948.88244944
303,2022-08-16 18:19:42.153,41.02914361699166,-8979.10939904
304,2022-08-16 18:19:42.154,41.49929299108724,-9082.95828604
305,2022-08-16 18:19:42.155,41.93356519838737,-9178.882449440001
306,2022-08-16 18:29:24.240,41.910607488110564,-9173.782049940002
307,2022-08-16 18:29:24.260,41.64727572416988,-9115.278950940003
308,2022-08-16 18:29:24.374,40.89829857590713,-8948.882449440003
309,2022-08-16 18:29:24.712,40.85600169706577,-8939.480003440003
310,2022-08-16 18:29:24.722,40.602220361938365,-8883.065313640003
311,2022-08-16 18:29:24.726,40.39073590565231,-8836.053069840003
312,2022-08-16 18:29:24.800,40.13695457052491,-8779.638380040004
313,2022-08-16 18:29:24.801,39.863644174965906,-8718.882449440003
314,2022-08-16 18:29:29.569,40.30103993773847,-8816.067969640004
315,2022-08-16 18:29:29.576,40.463999443636595,-8852.276149280004
316,2022-08-16 18:29:29.580,40.75319781710557,-8916.533503280003
317,2022-08-16 18:29:29.584,40.89878835313834,-8948.882449440003
318,2022-08-16 18:30:25.929,40.706917963568685,-8906.205090160003
319,2022-08-16 18:30:26.176,39.864746173736144,-8718.882449440003
320,2022-08-16 18:30:26.579,39.787005087145765,-8701.588602240003
321,2022-08-16 18:34:58.180,38.756758681285476,-8471.588602240003
322,2022-08-16 18:35:03.265,38.41059974589717,-8394.300277620003
323,2022-08-16 18:35:03.273,37.726634719732985,-8241.588602240003
324,2022-08-16 18:35:32.513,37.82324970603027,-8263.151102240003
325,2022-08-16 18:35:32.514,37.85243557331489,-8269.664794240003
326,2022-08-16 18:35:50.006,36.82476049791848,-8039.664794240003
327,2022-08-16 18:35:55.173,36.86830732549349,-8049.441542240003
328,2022-08-16 18:36:13.977,35.84565246671703,-7819.441542240003
329,2022-08-16 18:36:40.730,35.86358294433684,-7823.474192960003
330,2022-08-16 18:36:57.419,35.92462265622006,-7837.202317960003
331,2022-08-16 18:36:57.458,35.95479621668277,-7843.988496940003
332,2022-08-16 18:37:23.380,34.93605957575603,-7613.988496940003
333,2022-08-16 18:37:23.704,34.21581406286964,-7451.339690420003
334,2022-08-16 18:37:23.874,33.91756783974076,-7383.988500620003
335,2022-08-16 18:37:23.958,33.91756782344489,-7383.988496940003
336,2022-08-16 18:37:24.599,32.899565850400975,-7153.988497400002
337,2022-08-16 18:37:24.600,32.89956584836497,-7153.988496940003
338,2022-08-16 18:37:37.760,33.10943598470809,-7201.257215580003
339,2022-08-16 18:37:37.761,33.638443635723924,-7320.404771540003
340,2022-08-16 18:37:37.763,33.920751375447786,-7383.988496940003
341,2022-08-16 18:38:28.082,34.516173356963904,-7518.0783695200025
342,2022-08-16 18:38:28.082,34.942059346838406,-7613.988496940003
343,2022-08-16 18:39:46.435,35.22326992242449,-7676.952606940003
344,2022-08-16 18:39:46.436,35.264132806130476,-7686.101960940003
345,2022-08-16 18:39:46.437,35.46957820156226,-7732.101960940003
346,2022-08-16 18:39:46.438,35.9692863239973,-7843.988496940003
347,2022-08-16 18:39:46.512,36.99071673969573,-8073.988496940003
348,2022-08-16 18:41:33.753,38.00969826923808,-8303.988496940003
349,2022-08-16 18:41:33.883,38.47230321176025,-8407.850608940003
350,2022-08-16 18:41:38.704,37.45442368098813,-8177.850608940003
351,2022-08-16 18:41:39.116,36.43654415021601,-7947.850608940003
352,2022-08-16 18:41:45.548,36.4169075616218,-7943.421498940003
353,2022-08-16 18:41:45.558,36.340493832336385,-7926.186080940003
354,2022-08-16 18:41:45.560,36.114424763699084,-7875.195310940003
355,2022-08-16 18:41:50.437,36.11922900347712,-7876.2772330705575
356,2022-08-16 18:41:55.113,36.22197819334832,-7899.553233070557
357,2022-08-16 18:41:55.123,36.64787933403945,-7996.033555330558
358,2022-08-16 18:41:55.129,37.13453720378537,-8106.2772330705575
359,2022-08-16 18:42:07.917,38.151192291479454,-8336.277233070557
360,2022-08-16 18:42:22.902,38.205605942595106,-8348.509461070558
361,2022-08-16 18:42:22.902,38.27361083126182,-8363.797009070558
362,2022-08-16 18:42:22.902,38.30171002940261,-8370.11372907056
363,2022-08-16 18:42:24.209,38.40167867346474,-8392.702638110559
364,2022-08-16 18:42:24.212,38.43343651482483,-8399.878638110558
365,2022-08-16 18:42:25.144,38.659871857693375,-8451.04395511056
366,2022-08-16 18:42:25.151,38.7367260821474,-8468.409931230559
367,2022-08-16 18:42:25.152,39.071337632779226,-8544.01873789056
368,2022-08-16 18:42:25.161,39.31958956017473,-8600.11372907056
369,2022-08-16 18:43:52.916,40.05172534936101,-8764.94842707056
370,2022-08-16 18:43:52.916,40.34116592459312,-8830.11372907056
371,2022-08-16 18:43:54.776,40.34617333302911,-8831.24425083056
372,2022-08-16 18:44:21.485,39.32817135794919,-8601.24425083056
373,2022-08-16 18:44:22.301,38.31016938286927,-8371.24425083056
374,2022-08-16 18:44:55.939,38.098159172856825,-8323.16492709056
375,2022-08-16 18:46:06.710,37.086524301782696,-8093.16492709056
376,2022-08-16 18:46:15.146,38.09828161716463,-8323.16492709056
377,2022-08-16 18:46:17.073,39.110161376854364,-8553.16492709056
378,2022-08-16 18:46:19.890,39.88677523778984,-8729.45439651056
379,2022-08-16 18:46:19.891,40.12338802392994,-8783.16492709056
380,2022-08-16 18:46:26.994,41.13796155839136,-9013.16492709056
381,2022-08-16 18:46:28.005,41.566832644192814,-9110.37665533056
382,2022-08-16 18:46:28.005,42.122465641867386,-9236.32136403056
383,2022-08-16 18:46:28.005,42.152657537160586,-9243.16492709056
384,2022-08-16 18:47:07.590,42.739632590463785,-9376.13367709056
385,2022-08-16 18:47:07.591,43.15283347642876,-9469.73698271056
386,2022-08-16 18:47:07.591,43.167965737468826,-9473.16492709056
387,2022-08-16 18:47:07.687,43.25304078648796,-9492.20892709056
388,2022-08-16 18:47:35.554,43.28187446314752,-9498.653619090559
389,2022-08-16 18:47:40.832,43.35051189291875,-9513.989605090559
390,2022-08-16 18:48:27.773,43.980348398442196,-9656.221877410559
391,2022-08-16 18:48:27.794,44.096339777753535,-9682.41552815056
392,2022-08-16 18:48:27.794,44.17705370101673,-9700.64267855056
393,2022-08-16 18:48:27.794,44.36900364522989,-9743.989605090559
394,2022-08-16 18:48:58.020,44.308408265349534,-9730.266110450559
395,2022-08-16 18:49:17.987,43.51580541446589,-9550.997096830559
396,2022-08-16 18:49:17.999,43.29150828903985,-9500.266110450559
397,2022-08-16 18:49:25.740,43.228036220982105,-9485.891110450559
398,2022-08-16 18:49:25.744,43.16659356515966,-9471.975726810559
399,2022-08-16 18:49:25.745,42.275955200115995,-9270.266110450559
400,2022-08-16 18:49:28.098,42.33472583041138,-9283.555510450558
401,2022-08-16 18:49:28.109,42.580965094232795,-9339.235908230557
402,2022-08-16 18:49:28.117,42.6122931560725,-9346.319908230558
403,2022-08-16 18:49:28.207,43.293100065041294,-9500.266110450559
404,2022-08-16 18:49:28.769,43.35344968404169,-9513.909271610559
405,2022-08-16 18:49:28.776,43.75976257478602,-9605.76390701056
406,2022-08-16 18:49:28.797,43.84581370739222,-9625.21737647056
407,2022-08-16 18:49:28.807,43.940469953055555,-9646.616192830561
408,2022-08-16 18:49:28.809,44.19485861200403,-9704.125511510561
409,2022-08-16 18:49:28.820,44.24548354563646,-9715.570225490561
410,2022-08-16 18:49:28.821,44.3104898185822,-9730.26611045056
411,2022-08-16 18:49:33.793,43.29358984227251,-9500.26611045056
412,2022-08-16 18:49:48.388,42.27668986596282,-9270.26611045056
413,2022-08-16 18:50:23.456,42.22524174893242,-9258.58751223056
414,2022-08-16 18:50:23.456,42.168896940558824,-9245.797376910561
415,2022-08-16 18:50:23.457,42.10518740716347,-9231.33546681056
416,2022-08-16 18:50:23.457,42.05616821934242,-9220.20822965056
417,2022-08-16 18:50:23.457,41.9532196338872,-9196.83914957056
418,2022-08-16 18:50:23.705,41.889892968444975,-9182.46414957056
419,2022-08-16 18:51:01.424,42.9012829509035,-9412.46414957056
420,2022-08-16 18:51:03.407,42.96070483531297,-9425.964193690561
421,2022-08-16 18:51:12.852,43.02403915352443,-9440.339193690561
422,2022-08-16 18:51:13.138,43.32804388093944,-9509.339193690561
423,2022-08-16 18:51:13.142,43.97405392669634,-9655.964193690561
424,2022-08-16 18:51:31.219,43.960472069227286,-9652.870302230562
425,2022-08-16 18:51:31.223,43.82530758268897,-9622.080386230562
426,2022-08-16 18:51:31.224,43.76220284755464,-9607.705386230562
427,2022-08-16 18:51:32.125,43.24095014258335,-9488.966156630562
428,2022-08-16 18:51:32.129,42.96437816454707,-9425.964193690563
429,2022-08-16 18:51:33.577,42.69240036623229,-9363.941071650563
430,2022-08-16 18:51:33.585,42.06436793864825,-9220.721543650563
431,2022-08-16 18:51:33.593,42.01539549382759,-9209.553632370564
432,2022-08-16 18:51:33.656,41.95580440116804,-9195.964193690565
433,2022-08-16 18:51:41.468,42.9653577190095,-9425.964193690565
434,2022-08-16 18:52:03.324,43.09708294490002,-9455.934315170565
435,2022-08-16 18:52:03.328,43.97625792423681,-9655.964193690565
436,2022-08-16 18:52:36.942,44.98838257254216,-9885.964193690565
437,2022-08-16 18:54:28.604,43.97601303562121,-9655.964193690565
438,2022-08-16 18:55:09.542,44.98813768392655,-9885.964193690565
439,2022-08-16 18:55:11.361,46.0002623322319,-10115.964193690565
440,2022-08-16 18:56:25.714,44.98666835223291,-9885.964193690565
441,2022-08-16 18:58:38.080,45.998915444846055,-10115.964193690565
442,2022-08-16 18:59:16.496,45.97842983129549,-10111.304436010565
443,2022-08-16 19:00:00.101,46.40729150113359,-10208.737419190566
444,2022-08-16 19:02:48.992,46.28347522934982,-10180.539419190565
445,2022-08-16 19:02:49.005,46.18531094209547,-10158.183419190565
446,2022-08-16 19:02:49.165,46.153215873877656,-10150.874067030565
447,2022-08-16 19:02:49.188,46.07185958492272,-10132.345931730566
448,2022-08-16 19:02:49.445,45.948245226574656,-10104.193915630565
449,2022-08-16 19:02:50.965,45.645269031345194,-10035.193915630565
450,2022-08-16 19:02:50.966,45.397370850368716,-9978.737419190566
451,2022-08-16 19:03:24.368,45.03546755050842,-9896.317321230566
452,2022-08-16 19:03:24.369,44.790400205393816,-9840.505521230567
453,2022-08-16 19:06:05.936,44.80459903382729,-9843.731739970566
454,2022-08-16 19:06:20.525,45.5418831889379,-10011.255417650566
455,2022-08-16 19:06:20.527,45.749851927247384,-10058.509502310566
456,2022-08-16 19:06:20.528,45.81684612644043,-10073.731739970566
457,2022-08-16 19:07:52.079,45.712956613184886,-10050.187099970566
458,2022-08-16 19:07:52.091,45.35285129283297,-9968.575877970567
459,2022-08-16 19:07:52.174,45.09762832866923,-9910.661877970566
460,2022-08-16 19:07:52.193,44.97561945284961,-9882.976195150566
461,2022-08-16 19:07:52.357,44.73073514728185,-9827.408195150567
462,2022-08-16 19:07:52.365,44.339257312833986,-9738.575877970567
463,2022-08-16 19:09:26.667,45.353953291603204,-9968.575877970567
464,2022-08-16 19:11:47.529,44.64443750560391,-9807.575877970567
465,2022-08-16 19:11:47.545,44.34035931160422,-9738.575877970567
466,2022-08-16 19:12:23.473,44.58173538109875,-9793.294924050566
467,2022-08-16 19:12:23.488,45.35493284606564,-9968.575877970567
468,2022-08-16 19:13:51.550,45.36085242614259,-9969.917662550566
469,2022-08-16 19:20:54.030,45.35459296786364,-9968.500494550566
470,2022-08-16 19:22:26.047,45.23466737488334,-9941.254626930566
471,2022-08-16 19:22:26.082,45.11007768813527,-9912.949124930567
472,2022-08-16 19:22:26.116,44.90760378075108,-9866.949124930567
473,2022-08-16 19:22:26.243,44.78363317822223,-9838.784272530567
474,2022-08-16 19:22:26.516,44.34222343094268,-9738.500494550568
475,2022-08-16 19:22:56.364,44.219174690989135,-9710.511227370567
476,2022-08-16 19:23:00.657,44.80355794709148,-9843.309246990568
477,2022-08-16 19:23:00.671,44.89034255481793,-9863.030592390567
478,2022-08-16 19:23:00.672,45.231299333221735,-9940.511225990567
479,2022-08-16 19:23:00.676,45.23129933929448,-9940.511227370567
480,2022-08-16 19:23:15.762,45.77569280885082,-10064.057369110567
481,2022-08-16 19:23:15.767,45.89872447911573,-10091.978512590567
482,2022-08-16 19:23:15.769,46.05289951550868,-10126.967416690568
483,2022-08-16 19:23:15.770,46.24477087498566,-10170.511227370567
484,2022-08-16 19:25:22.104,46.15582814717109,-10150.328760030567
485,2022-08-16 19:25:22.112,45.23117689498667,-9940.511227370567
486,2022-08-16 19:28:09.647,45.70250950882788,-10047.347662570568
487,2022-08-16 19:28:09.648,46.167853447884156,-10152.826651570567
488,2022-08-16 19:28:10.941,46.24587287375589,-10170.511227370567
489,2022-08-16 19:31:28.366,45.23105445067887,-9940.511227370567
490,2022-08-16 19:31:57.800,45.0780946535601,-9905.802306410567
491,2022-08-16 19:31:57.801,44.21746047067988,-9710.511227370567
492,2022-08-16 19:46:45.102,45.234482891297375,-9940.511227370567
493,2022-08-16 19:46:46.163,45.704079978164565,-10046.710783830567
494,2022-08-16 19:46:46.165,46.25150531191487,-10170.511227370567
495,2022-08-16 19:59:30.806,47.27232350607427,-10400.511227370567
496,2022-08-16 19:59:31.993,47.27960662910265,-10402.151987110567
497,2022-08-16 20:14:11.989,47.180896445760965,-10380.075823050567
498,2022-08-16 20:14:11.996,46.91941844375137,-10321.597243890566
499,2022-08-16 20:14:12.001,46.251196887859415,-10172.151987110567
500,2022-08-16 20:18:44.532,46.158558797907226,-10151.359556550566
501,2022-08-16 20:18:44.538,45.22646047585029,-9942.151987110567
502,2022-08-16 20:23:11.310,45.26413565917657,-9950.590963110566
503,2022-08-16 20:23:11.319,46.15357852393896,-10149.819907110566
504,2022-08-16 20:23:11.328,46.25327844109208,-10172.151987110567
505,2022-08-16 20:25:50.851,46.303171819204316,-10183.326420270567
506,2022-08-16 20:25:50.852,46.54909741256498,-10238.405454990567
507,2022-08-16 20:25:50.852,46.82872078411279,-10301.031654970568
508,2022-08-16 20:25:50.863,46.90178432036622,-10317.395421730567
509,2022-08-16 20:25:50.864,47.22855753299797,-10390.581595150566
510,2022-08-16 20:27:34.817,47.00946422643791,-10341.465237290566
511,2022-08-16 20:27:34.819,46.9068681409292,-10318.465237290566
512,2022-08-16 20:27:34.833,46.2025966963781,-10160.581599290566
513,2022-08-16 20:27:34.882,46.202596677910805,-10160.581595150566
514,2022-08-16 20:28:16.140,47.229414643152595,-10390.581595150566
515,2022-08-16 20:38:09.702,46.199780460890594,-10160.581595610567
516,2022-08-16 20:38:09.704,46.19978045883133,-10160.581595150566
517,2022-08-16 20:42:43.688,46.48814267082493,-10224.942457890567
518,2022-08-16 20:42:43.688,46.81665322348193,-10298.264209870567
519,2022-08-16 20:50:47.072,46.481529223574945,-10223.404107950568
520,2022-08-16 20:53:26.611,46.41710055936249,-10209.029107950568
521,2022-08-16 20:53:26.612,45.450670596175634,-9993.404107950568
522,2022-08-16 21:02:41.207,45.406368732113435,-9983.541955430568
523,2022-08-16 21:03:07.985,44.37440810594389,-9753.541955430568
524,2022-08-16 21:06:46.333,44.273375193638316,-9730.943631110567
525,2022-08-16 21:06:46.337,44.24525100135774,-9724.653011510567
526,2022-08-16 21:09:34.622,43.901385300551404,-9647.555965470567
527,2022-08-16 21:09:34.623,43.79859629179131,-9624.509965470566
528,2022-08-16 21:09:34.627,43.70052613972081,-9602.521965470567
529,2022-08-16 21:09:34.633,43.21941259057838,-9494.653011510567
530,2022-08-16 21:44:11.747,43.21318951026684,-9493.257587710566
531,2022-08-16 21:44:11.753,42.19369662410682,-9264.653011510567
532,2022-08-16 21:48:18.284,42.117984826589414,-9247.592380630567
533,2022-08-16 21:49:16.725,42.58343433195877,-9352.249153210567
534,2022-08-16 21:49:16.746,43.13956790560984,-9477.296326470567
535,2022-08-16 21:49:16.765,43.140884561706685,-9477.592377870567
536,2022-08-16 21:49:16.775,43.14088457398148,-9477.592380630567
537,2022-08-16 21:50:09.253,42.117617493666,-9247.592380630567
538,2022-08-16 21:50:10.959,43.13806833857478,-9477.592376950568
539,2022-08-16 21:50:11.001,43.138068354901996,-9477.592380630567
540,2022-08-16 21:50:11.600,44.158641660445795,-9707.592380630567
541,2022-08-16 21:51:36.552,45.18043940906763,-9937.592380630567
542,2022-08-16 21:53:16.243,45.026091698110726,-9902.816380630567
543,2022-08-16 21:53:16.251,44.92602628454062,-9880.270695950567
544,2022-08-16 21:53:16.260,44.5025908976033,-9784.866695950566
545,2022-08-16 21:53:16.290,44.1596212189915,-9707.592381550567
546,2022-08-16 21:53:16.297,44.15962121490822,-9707.592380630567
547,2022-08-16 21:53:54.299,45.18019452045202,-9937.592380630567
548,2022-08-16 21:53:54.699,46.200890270303624,-10167.592380630567
549,2022-08-16 21:57:23.703,46.571619356931265,-10251.335104630567
550,2022-08-16 21:57:23.771,47.589866220626796,-10481.335104630567
551,2022-08-16 21:58:44.670,47.556643706217024,-10473.821952690567
552,2022-08-16 21:58:44.671,47.26915838873102,-10408.808183890567
553,2022-08-16 21:58:44.682,46.947720014752605,-10336.116053690568
